{"mc":{
	"walk":{
		"frameRate":12,
		"events":[
			
			],
		"frames":[
			
			{
			"res":"724CBCB1",
			"x":-31,
			"y":-51
			},
			{
			"res":"79F22652",
			"x":-31,
			"y":-51
			},
			{
			"res":"D5BC7471",
			"x":-31,
			"y":-51
			},
			{
			"res":"79F22652",
			"x":-31,
			"y":-51
			}
			]
},"stay":{
		"frameRate":24,
		"events":[
			
			],
		"frames":[
			
			{
			"res":"99DC9563",
			"x":-43,
			"y":-51
			},
			{
			"res":"89147330",
			"x":-48,
			"y":-51
			},
			{
			"res":"49E8DCE1",
			"x":-49,
			"y":-51
			},
			{
			"res":"CD6228B6",
			"x":-44,
			"y":-51
			}
			]
}},
	"res":{
		"89147330":{"x":51,"y":0,"w":48,"h":103},
		"724CBCB1":{"x":192,"y":0,"w":31,"h":103},
		"CD6228B6":{"x":101,"y":0,"w":44,"h":102},
		"49E8DCE1":{"x":0,"y":0,"w":49,"h":102},
		"79F22652":{"x":0,"y":104,"w":31,"h":102},
		"D5BC7471":{"x":101,"y":104,"w":31,"h":100},
		"99DC9563":{"x":147,"y":0,"w":43,"h":103}
	}}