{"mc":{
	"rote":{
		"frameRate":24,
		"labels":[
			{"name":"rote","frame":1,"end":20}
			
			],
		"events":[
			
			],
		"frames":[
			
			{
			"res":"7A5B5C48",
			"x":12,
			"y":13
			},
			{
			"res":"2B09B443",
			"x":13,
			"y":11
			},
			{
			"res":"C3F6D764",
			"x":10,
			"y":11
			},
			{
			"res":"AB857CAA",
			"x":10,
			"y":11
			},
			{
			"res":"5C54716A",
			"x":9,
			"y":11
			},
			{
			"res":"F1F50CBB",
			"x":8,
			"y":10
			},
			{
			"res":"2C69EB57",
			"x":7,
			"y":9
			},
			{
			"res":"BC2A969B",
			"x":8,
			"y":8
			},
			{
			"res":"DA6341F2",
			"x":7,
			"y":6
			},
			{
			"res":"93E932B2",
			"x":6,
			"y":6
			},
			{
			"res":"EED3DBAD",
			"x":6,
			"y":6
			},
			{
			"res":"125091F8",
			"x":6,
			"y":6
			},
			{
			"res":"F8262763",
			"x":6,
			"y":5
			},
			{
			"res":"650D038F",
			"x":6,
			"y":5
			},
			{
			"res":"3F1130EF",
			"x":6,
			"y":5
			},
			{
			"res":"192CD2FA",
			"x":6,
			"y":5
			},
			{
			"res":"757DE5BC",
			"x":5,
			"y":5
			},
			{
			"res":"FFEF14A4",
			"x":5,
			"y":5
			},
			{
			"res":"4A99204D",
			"x":5,
			"y":5
			},
			{
			"res":"690804FC",
			"x":4,
			"y":4
			}
			]
}},
	"res":{
		"5C54716A":{"x":334,"y":111,"w":100,"h":99},
		"757DE5BC":{"x":454,"y":0,"w":110,"h":108},
		"F1F50CBB":{"x":230,"y":111,"w":102,"h":100},
		"650D038F":{"x":343,"y":0,"w":109,"h":109},
		"690804FC":{"x":0,"y":0,"w":114,"h":113},
		"125091F8":{"x":786,"y":0,"w":108,"h":107},
		"AB857CAA":{"x":116,"y":113,"w":98,"h":97},
		"3F1130EF":{"x":676,"y":109,"w":106,"h":108},
		"C3F6D764":{"x":0,"y":115,"w":96,"h":95},
		"F8262763":{"x":566,"y":0,"w":108,"h":109},
		"7A5B5C48":{"x":95,"y":212,"w":94,"h":94},
		"DA6341F2":{"x":560,"y":111,"w":98,"h":99},
		"93E932B2":{"x":784,"y":109,"w":105,"h":105},
		"BC2A969B":{"x":891,"y":109,"w":104,"h":104},
		"192CD2FA":{"x":896,"y":0,"w":107,"h":107},
		"2B09B443":{"x":0,"y":212,"w":93,"h":96},
		"FFEF14A4":{"x":230,"y":0,"w":111,"h":109},
		"EED3DBAD":{"x":676,"y":0,"w":108,"h":107},
		"4A99204D":{"x":116,"y":0,"w":112,"h":111},
		"2C69EB57":{"x":454,"y":110,"w":104,"h":102}
	}}