{
  "autoGenerateExmlsList": true,
  "exmls": [
    {
      "path": "resource/eui_skins/ButtonSkin.exml",
      "content": "<?xml version=\"1.0\" encoding=\"utf-8\" ?>\n<e:Skin class=\"skins.ButtonSkin\" states=\"up,down,disabled\" minHeight=\"50\" minWidth=\"100\" xmlns:e=\"http://ns.egret.com/eui\">\n    <e:Image width=\"100%\" height=\"100%\" scale9Grid=\"1,3,8,8\" alpha.disabled=\"0.5\"\n             source=\"button_up_png\"\n             source.down=\"button_down_png\"/>\n    <e:Label id=\"labelDisplay\" top=\"8\" bottom=\"8\" left=\"8\" right=\"8\"\n             size=\"20\" fontFamily=\"Tahoma 'Microsoft Yahei'\"\n             textColor=\"0xFFFFFF\" verticalAlign=\"middle\" textAlign=\"center\"/>\n    <e:Image id=\"iconDisplay\" horizontalCenter=\"0\" verticalCenter=\"0\"/>\n</e:Skin>\n"
    },
    {
      "path": "resource/eui_skins/CheckBoxSkin.exml",
      "content": "<?xml version=\"1.0\" encoding=\"utf-8\"?>\n<e:Skin class=\"skins.CheckBoxSkin\" states=\"up,down,disabled,upAndSelected,downAndSelected,disabledAndSelected\" xmlns:e=\"http://ns.egret.com/eui\">\n    <e:Group width=\"100%\" height=\"100%\">\n        <e:layout>\n            <e:HorizontalLayout verticalAlign=\"middle\"/>\n        </e:layout>\n        <e:Image fillMode=\"scale\" alpha=\"1\" alpha.disabled=\"0.5\" alpha.down=\"0.7\"\n                 source=\"checkbox_unselect_png\"\n                 source.upAndSelected=\"checkbox_select_up_png\"\n                 source.downAndSelected=\"checkbox_select_down_png\"\n                 source.disabledAndSelected=\"checkbox_select_disabled_png\"/>\n        <e:Label id=\"labelDisplay\" size=\"20\" textColor=\"0x707070\"\n                 textAlign=\"center\" verticalAlign=\"middle\"\n                 fontFamily=\"Tahoma\"/>\n    </e:Group>\n</e:Skin>\n"
    },
    {
      "path": "resource/eui_skins/HScrollBarSkin.exml",
      "content": "<?xml version=\"1.0\" encoding=\"utf-8\"?>\n<e:Skin class=\"skins.HScrollBarSkin\" minWidth=\"20\" minHeight=\"8\" xmlns:e=\"http://ns.egret.com/eui\">\n    <e:Image id=\"thumb\" source=\"\" scale9Grid=\"3,3,2,2\" height=\"8\" width=\"30\" verticalCenter=\"0\"/>\n</e:Skin>\n"
    },
    {
      "path": "resource/eui_skins/HSliderSkin.exml",
      "content": "<?xml version=\"1.0\" encoding=\"utf-8\"?>\n<e:Skin class=\"skins.HSliderSkin\" minWidth=\"20\" minHeight=\"8\" xmlns:e=\"http://ns.egret.com/eui\">\n    <e:Image id=\"track\" source=\"track_sb_png\" scale9Grid=\"1,1,4,4\" width=\"100%\"\n             height=\"6\" verticalCenter=\"0\"/>\n    <e:Image id=\"thumb\" source=\"thumb_png\" verticalCenter=\"0\"/>\n</e:Skin>\n"
    },
    {
      "path": "resource/eui_skins/ItemRendererSkin.exml",
      "content": "<?xml version=\"1.0\" encoding=\"utf-8\" ?>\n<e:Skin class=\"skins.ItemRendererSkin\" states=\"up,down,disabled\" minHeight=\"50\" minWidth=\"100\" xmlns:e=\"http://ns.egret.com/eui\">\n    <e:Image width=\"100%\" height=\"100%\" scale9Grid=\"1,3,8,8\" alpha.disabled=\"0.5\"\n             source=\"button_up_png\"\n             source.down=\"button_down_png\"/>\n    <e:Label id=\"labelDisplay\" top=\"8\" bottom=\"8\" left=\"8\" right=\"8\"\n             size=\"20\" fontFamily=\"Tahoma 'Microsoft Yahei'\"\n             textColor=\"0xFFFFFF\" text=\"{data}\" verticalAlign=\"middle\" textAlign=\"center\"/>\n</e:Skin>\n"
    },
    {
      "path": "resource/eui_skins/PanelSkin.exml",
      "content": "<?xml version=\"1.0\" encoding=\"utf-8\"?>\n<e:Skin class=\"skins.PanelSkin\" minHeight=\"230\" minWidth=\"450\" xmlns:e=\"http://ns.egret.com/eui\">\n    <e:Image left=\"0\" right=\"0\" bottom=\"0\"  top=\"0\" source=\"border_png\" scale9Grid=\"2,2,12,12\" />\n    <e:Group id=\"moveArea\" left=\"0\" right=\"0\" top=\"0\" height=\"45\">\n        <e:Image left=\"0\" right=\"0\" bottom=\"0\"  top=\"0\" source=\"header_png\"/>\n        <e:Label id=\"titleDisplay\" size=\"20\" fontFamily=\"Tahoma\" textColor=\"0xFFFFFF\"\n                 wordWrap=\"false\" left=\"15\" right=\"5\" verticalCenter=\"0\"/>\n    </e:Group>\n    <e:Button id=\"closeButton\" label=\"close\" bottom=\"5\" horizontalCenter=\"0\"/>\n</e:Skin>\n"
    },
    {
      "path": "resource/eui_skins/ProgressBarSkin.exml",
      "content": "<?xml version=\"1.0\" encoding=\"utf-8\"?>\n<e:Skin class=\"skins.ProgressBarSkin\" minWidth=\"30\" minHeight=\"18\" xmlns:e=\"http://ns.egret.com/eui\">\n\t<e:Image source=\"track_pb_png\" scale9Grid=\"1,1,4,4\" width=\"100%\"\n\t\t\t height=\"100%\" verticalCenter=\"0\"/>\n\t<e:Image id=\"thumb\" height=\"100%\" width=\"100%\" source=\"thumb_pb_png\"/>\n\t<e:Label id=\"labelDisplay\" textAlign=\"center\" verticalAlign=\"middle\"\n\t\t\t size=\"15\" fontFamily=\"Tahoma\" textColor=\"0x707070\"\n\t\t\t horizontalCenter=\"0\" verticalCenter=\"0\"/>\n</e:Skin>\n"
    },
    {
      "path": "resource/eui_skins/RadioButtonSkin.exml",
      "content": "<?xml version=\"1.0\" encoding=\"utf-8\"?>\n<e:Skin class=\"skins.RadioButtonSkin\" states=\"up,down,disabled,upAndSelected,downAndSelected,disabledAndSelected\" xmlns:e=\"http://ns.egret.com/eui\">\n    <e:Group width=\"100%\" height=\"100%\">\n        <e:layout>\n            <e:HorizontalLayout verticalAlign=\"middle\"/>\n        </e:layout>\n        <e:Image fillMode=\"scale\" alpha=\"1\" alpha.disabled=\"0.5\" alpha.down=\"0.7\"\n                 source=\"radiobutton_unselect_png\"\n                 source.upAndSelected=\"radiobutton_select_up_png\"\n                 source.downAndSelected=\"radiobutton_select_down_png\"\n                 source.disabledAndSelected=\"radiobutton_select_disabled_png\"/>\n        <e:Label id=\"labelDisplay\" size=\"20\" textColor=\"0x707070\"\n                 textAlign=\"center\" verticalAlign=\"middle\"\n                 fontFamily=\"Tahoma\"/>\n    </e:Group>\n</e:Skin>\n"
    },
    {
      "path": "resource/eui_skins/ScrollerSkin.exml",
      "content": "<?xml version=\"1.0\" encoding=\"utf-8\"?>\n<e:Skin class=\"skins.ScrollerSkin\" minWidth=\"20\" minHeight=\"20\" xmlns:e=\"http://ns.egret.com/eui\">\n    <e:HScrollBar id=\"horizontalScrollBar\" width=\"100%\" bottom=\"0\"/>\n    <e:VScrollBar id=\"verticalScrollBar\" height=\"100%\" right=\"0\"/>\n</e:Skin>"
    },
    {
      "path": "resource/eui_skins/TextInputSkin.exml",
      "content": "<?xml version='1.0' encoding='utf-8'?>\n<e:Skin class=\"skins.TextInputSkin\" minHeight=\"40\" minWidth=\"300\" states=\"normal,disabled,normalWithPrompt,disabledWithPrompt\" xmlns:e=\"http://ns.egret.com/eui\">\n\t<e:Image width=\"100%\" height=\"100%\" scale9Grid=\"1,3,8,8\" source=\"button_up_png\"/>\n\t<e:Rect height=\"100%\" width=\"100%\" fillColor=\"0xffffff\"/>\n \t<e:EditableText id=\"textDisplay\" verticalCenter=\"0\" left=\"10\" right=\"10\"\n\t                textColor=\"0x000000\" textColor.disabled=\"0xff0000\" width=\"100%\" height=\"24\" size=\"20\" />\n\t<e:Label id=\"promptDisplay\" verticalCenter=\"0\" left=\"10\" right=\"10\"\n\t                textColor=\"0xa9a9a9\" width=\"100%\" height=\"24\" size=\"20\" touchEnabled=\"false\" includeIn=\"normalWithPrompt,disabledWithPrompt\"/>\n</e:Skin>"
    },
    {
      "path": "resource/eui_skins/ToggleSwitchSkin.exml",
      "content": "<?xml version=\"1.0\" encoding=\"utf-8\"?>\n<e:Skin class=\"skins.ToggleSwitchSkin\" states=\"up,down,disabled,upAndSelected,downAndSelected,disabledAndSelected\" xmlns:e=\"http://ns.egret.com/eui\">\n    <e:Image source=\"on_png\"\n             source.up=\"off_png\"\n             source.down=\"off_png\"\n             source.disabled=\"off_png\"/>\n    <e:Image source=\"handle_png\"\n             horizontalCenter=\"-18\"\n             horizontalCenter.upAndSelected=\"18\"\n             horizontalCenter.downAndSelected=\"18\"\n             horizontalCenter.disabledAndSelected=\"18\"\n             verticalCenter=\"0\"/>\n</e:Skin>\n"
    },
    {
      "path": "resource/eui_skins/VScrollBarSkin.exml",
      "content": "<?xml version=\"1.0\" encoding=\"utf-8\"?>\n<e:Skin class=\"skins.VScrollBarSkin\" minWidth=\"8\" minHeight=\"20\" xmlns:e=\"http://ns.egret.com/eui\">\n    <e:Image id=\"thumb\" source=\"roundthumb_png\" scale9Grid=\"3,3,2,2\" height=\"30\" width=\"8\" horizontalCenter=\"0\"/>\n</e:Skin>\n"
    },
    {
      "path": "resource/eui_skins/VSliderSkin.exml",
      "content": "<?xml version=\"1.0\" encoding=\"utf-8\"?>\n<e:Skin class=\"skins.VSliderSkin\" minWidth=\"25\" minHeight=\"30\" xmlns:e=\"http://ns.egret.com/eui\">\n    <e:Image id=\"track\" source=\"track_png\" scale9Grid=\"1,1,4,4\" width=\"7\" height=\"100%\" horizontalCenter=\"0\"/>\n    <e:Image id=\"thumb\" source=\"thumb_png\" horizontalCenter=\"0\" />\n</e:Skin>\n"
    },
    {
      "path": "resource/skins/component/DescSceneSkin.exml",
      "content": "<?xml version='1.0' encoding='utf-8'?>\n<e:Skin class=\"DescSceneSkin\" width=\"640\" height=\"1024\" xmlns:e=\"http://ns.egret.com/eui\" xmlns:w=\"http://ns.egret.com/wing\">\n\t<e:Rect height=\"1024\" width=\"640\" x=\"0\" y=\"0\" fillColor=\"0x000000\" fillAlpha=\"0.68\"/>\n\t<e:Group id=\"mainGroup\" y=\"0\" width=\"640\" height=\"1024\" x=\"0\">\n\t\t<e:Image source=\"img_bg_png\" y=\"90\" x=\"45\"/>\n\t\t<e:Image source=\"img_bg_png\" y=\"90\" scaleX=\"-1\" x=\"591\"/>\n\t\t<e:Image source=\"text_hyzc_png\" y=\"110\" x=\"243\" visible=\"false\"/>\n\t\t<e:Image source=\"imgdescbg2_png\" x=\"92\" y=\"136\" scale9Grid=\"197,79,83,27\" height=\"650\"/>\n\t\t<e:Button id=\"enterBtn\" anchorOffsetX=\"102\" x=\"316\" y=\"770\" anchorOffsetY=\"33\">\n\t\t\t<e:skinName>\n\t\t\t\t<e:Skin states=\"up,down,disabled\">\n\t\t\t\t\t<e:Image width=\"100%\" height=\"100%\" source=\"btn_enter_png\"/>\n\t\t\t\t\t<e:Label id=\"labelDisplay0\" horizontalCenter=\"0\" verticalCenter=\"0\"/>\n\t\t\t\t</e:Skin>\n\t\t\t</e:skinName>\n\t\t</e:Button>\n\t\t<e:Scroller id=\"scroller\" width=\"430\" height=\"520\" x=\"105\" y=\"194\">\n\t\t\t<e:Group>\n\t\t\t\t<e:Image source=\"text_desc_png\" x=\"0\" y=\"0\"/>\n\t\t\t</e:Group>\n\t\t</e:Scroller>\n\t\t<e:Button y=\"155\" id=\"closeBtn\" anchorOffsetX=\"102\" anchorOffsetY=\"33\" x=\"530\">\n\t\t\t<e:skinName>\n\t\t\t\t<e:Skin states=\"up,down,disabled\">\n\t\t\t\t\t<e:Image width=\"100%\" height=\"100%\" source=\"btn_close1_png\" source.down=\"btn_close2_png\"/>\n\t\t\t\t\t<e:Label id=\"labelDisplay2\" horizontalCenter=\"0\" verticalCenter=\"0\"/>\n\t\t\t\t</e:Skin>\n\t\t\t</e:skinName>\n\t\t</e:Button>\n\t</e:Group>\n</e:Skin>"
    },
    {
      "path": "resource/skins/component/FriendHelpSkin.exml",
      "content": "<?xml version='1.0' encoding='utf-8'?>\n<e:Skin class=\"FriendHelpSkin\" width=\"640\" height=\"1024\" xmlns:e=\"http://ns.egret.com/eui\" xmlns:w=\"http://ns.egret.com/wing\">\n\t<e:Rect fillColor=\"0x000000\" y=\"0\" fillAlpha=\"0.68\" width=\"640\" height=\"1024\" x=\"0\"/>\n\t<e:Group y=\"0\" id=\"mainGroup\" width=\"640\" height=\"1024\" x=\"0\">\n\t\t<e:Image source=\"bg_zhuli_png\" y=\"121\" x=\"87\"/>\n\t\t<e:Image y=\"147\" x=\"231\" source=\"img_hyzl_png\"/>\n\t\t<e:Button id=\"zhuliBtn\" y=\"596\" x=\"342\" anchorOffsetX=\"120\" anchorOffsetY=\"41\">\n\t\t\t<e:skinName>\n\t\t\t\t<e:Skin states=\"up,down,disabled\">\n\t\t\t\t\t<e:Image width=\"100%\" height=\"100%\" source=\"btn_gtzl_png\"/>\n\t\t\t\t\t<e:Label id=\"labelDisplay0\" horizontalCenter=\"0\" verticalCenter=\"0\"/>\n\t\t\t\t</e:Skin>\n\t\t\t</e:skinName>\n\t\t</e:Button>\n\t\t<e:Button id=\"startBtn\" y=\"727\" anchorOffsetX=\"120\" anchorOffsetY=\"41\" x=\"342\">\n\t\t\t<e:skinName>\n\t\t\t\t<e:Skin states=\"up,down,disabled\">\n\t\t\t\t\t<e:Image width=\"100%\" height=\"100%\" source=\"btn_wyyy_png\"/>\n\t\t\t\t\t<e:Label id=\"labelDisplay2\" horizontalCenter=\"0\" verticalCenter=\"0\"/>\n\t\t\t\t</e:Skin>\n\t\t\t</e:skinName>\n\t\t</e:Button>\n\t\t<e:Image source=\"img_tx_png\" x=\"180\" y=\"227\"/>\n\t\t<e:Image id=\"txImg\" y=\"249\" x=\"206\" width=\"120\" height=\"120\"/>\n\t\t<e:Image source=\"text_hyzl_png\" x=\"214\" y=\"284\"/>\n\t\t<e:Label id=\"nameLabel\" x=\"391\" y=\"283\" size=\"22\" fontFamily=\"微软雅黑\" width=\"125\" height=\"22\" textAlign=\"center\"/>\n\t</e:Group>\n</e:Skin>"
    },
    {
      "path": "resource/skins/component/FrientdHelpSuccessSkin.exml",
      "content": "<?xml version='1.0' encoding='utf-8'?>\n<e:Skin class=\"FrientdHelpSuccessSkin\" width=\"640\" height=\"1024\" xmlns:e=\"http://ns.egret.com/eui\" xmlns:w=\"http://ns.egret.com/wing\">\n\t<e:Rect y=\"0\" fillColor=\"0x000000\" width=\"640\" fillAlpha=\"0.68\" height=\"1024\" x=\"0\"/>\n\t<e:Group y=\"0\" id=\"mainGroup\" width=\"640\" height=\"1024\" x=\"0\">\n\t\t<e:Image source=\"bg_zhuli_png\" y=\"121\" x=\"87\"/>\n\t\t<e:Image y=\"147\" x=\"231\" source=\"text_zlcg2_png\"/>\n\t\t<e:Button id=\"shareBtn\" anchorOffsetY=\"41\" y=\"601\" anchorOffsetX=\"120\" x=\"342\">\n\t\t\t<e:skinName>\n\t\t\t\t<e:Skin states=\"up,down,disabled\">\n\t\t\t\t\t<e:Image width=\"100%\" height=\"100%\" source=\"btn_fxhy_png\"/>\n\t\t\t\t\t<e:Label id=\"labelDisplay1\" horizontalCenter=\"0\" verticalCenter=\"0\"/>\n\t\t\t\t</e:Skin>\n\t\t\t</e:skinName>\n\t\t</e:Button>\n\t\t<e:Button id=\"startBtn\" anchorOffsetY=\"41\" y=\"733\" anchorOffsetX=\"120\" x=\"342\">\n\t\t\t<e:skinName>\n\t\t\t\t<e:Skin states=\"up,down,disabled\">\n\t\t\t\t\t<e:Image width=\"100%\" height=\"100%\" source=\"btn_msqw_png\"/>\n\t\t\t\t\t<e:Label id=\"labelDisplay0\" horizontalCenter=\"0\" verticalCenter=\"0\"/>\n\t\t\t\t</e:Skin>\n\t\t\t</e:skinName>\n\t\t</e:Button>\n\t\t<e:Label id=\"nameLabel\" y=\"288\" size=\"22\" fontFamily=\"微软雅黑\" width=\"125\" height=\"22\" x=\"303\" textAlign=\"center\"/>\n\t\t<e:Image x=\"186\" y=\"283\" source=\"text_zlcg_png\"/>\n\t</e:Group>\n</e:Skin>"
    },
    {
      "path": "resource/skins/component/GameOverLayerSkin.exml",
      "content": "<?xml version='1.0' encoding='utf-8'?>\n<e:Skin class=\"GameOverSceneSkin\" width=\"640\" height=\"1024\" xmlns:e=\"http://ns.egret.com/eui\" xmlns:w=\"http://ns.egret.com/wing\">\n\t<e:Rect y=\"0\" fillAlpha=\"0.68\" width=\"640\" height=\"1024\" fillColor=\"0x000000\" x=\"0\"/>\n\t<e:Group id=\"mainGroup\" height=\"1024\" width=\"640\" x=\"0\" y=\"0\">\n\t\t<e:Image source=\"bg_zhuli_png\" y=\"121\" x=\"87\"/>\n\t\t<e:Image source=\"text_yxjs_png\" y=\"147\" x=\"231\"/>\n\t\t<e:Image source=\"text_jswz_png\" y=\"287\" x=\"202\"/>\n\t\t<e:Button id=\"restartBtn\" y=\"654\" x=\"342\" anchorOffsetX=\"120\" anchorOffsetY=\"41\">\n\t\t\t<e:skinName>\n\t\t\t\t<e:Skin states=\"up,down,disabled\">\n\t\t\t\t\t<e:Image width=\"100%\" height=\"100%\" source=\"btn_zctz_png\"/>\n\t\t\t\t\t<e:Label id=\"labelDisplay\" horizontalCenter=\"0\" verticalCenter=\"0\"/>\n\t\t\t\t</e:Skin>\n\t\t\t</e:skinName>\n\t\t</e:Button>\n\t\t<e:Button id=\"friendBtn\" y=\"548\" anchorOffsetX=\"120\" anchorOffsetY=\"41\" x=\"342\">\n\t\t\t<e:skinName>\n\t\t\t\t<e:Skin states=\"up,down,disabled\">\n\t\t\t\t\t<e:Image width=\"100%\" height=\"100%\" source=\"btn_yqhy_png\"/>\n\t\t\t\t\t<e:Label id=\"labelDisplay1\" horizontalCenter=\"0\" verticalCenter=\"0\"/>\n\t\t\t\t</e:Skin>\n\t\t\t</e:skinName>\n\t\t</e:Button>\n\t\t<e:Button id=\"guanzhuBtn\" y=\"758\" anchorOffsetX=\"120\" anchorOffsetY=\"41\" x=\"342\">\n\t\t\t<e:skinName>\n\t\t\t\t<e:Skin states=\"up,down,disabled\">\n\t\t\t\t\t<e:Image width=\"100%\" height=\"100%\" source=\"btn_gzwm_png\"/>\n\t\t\t\t\t<e:Label id=\"labelDisplay1\" horizontalCenter=\"0\" verticalCenter=\"0\"/>\n\t\t\t\t</e:Skin>\n\t\t\t</e:skinName>\n\t\t</e:Button>\n\t\t<e:Button id=\"homeBtn\" y=\"867\" anchorOffsetX=\"120\" anchorOffsetY=\"41\" x=\"342\">\n\t\t\t<e:skinName>\n\t\t\t\t<e:Skin states=\"up,down,disabled\">\n\t\t\t\t\t<e:Image width=\"100%\" height=\"100%\" source=\"btn_fhsy_png\"/>\n\t\t\t\t\t<e:Label id=\"labelDisplay0\" horizontalCenter=\"0\" verticalCenter=\"0\"/>\n\t\t\t\t</e:Skin>\n\t\t\t</e:skinName>\n\t\t</e:Button>\n\t\t<e:BitmapLabel id=\"scoreLabel\" x=\"414\" y=\"301\" font=\"font_red_fnt\" text=\"0\"/>\n\t\t<e:BitmapLabel id=\"rankLabel\" y=\"362\" text=\"0\" x=\"410\" font=\"font_green_fnt\"/>\n\t\t<e:Image source=\"img_xngf_png\" x=\"200\" y=\"403\" width=\"314\" height=\"35\"/>\n\t</e:Group>\n</e:Skin>"
    },
    {
      "path": "resource/skins/component/GameSceneSkin.exml",
      "content": "<?xml version='1.0' encoding='utf-8'?>\n<e:Skin class=\"GameSceneSkin\" width=\"640\" height=\"1024\" xmlns:e=\"http://ns.egret.com/eui\" xmlns:w=\"http://ns.egret.com/wing\">\n\t<e:Rect y=\"0\" fillAlpha=\"0.68\" width=\"640\" height=\"1024\" fillColor=\"0x000000\" x=\"0\"/>\n\t<e:Group id=\"mainGroup\" height=\"1024\" width=\"640\" x=\"0\" y=\"0\">\n\t\t<e:Image id=\"background\" x=\"0\" y=\"0\" width=\"640\" height=\"1024\" source=\"bg_jpg\"/>\n\t\t<e:Image source=\"img_fd_png\" top=\"24\" left=\"22\"/>\n\t\t<e:Image source=\"gift_png\" scaleX=\"1.5\" scaleY=\"1.5\" top=\"38\" left=\"3\"/>\n\t\t<e:BitmapLabel id=\"scoreLabel\" text=\"x0\" font=\"font_fnt\" scaleX=\"1.5\" scaleY=\"1.5\" x=\"163\" y=\"138\" width=\"250\"/>\n\t\t<e:Image x=\"254\" top=\"25\" source=\"nei_logo_png\"/>\n\t</e:Group>\n\t<e:Image id=\"giftImg\" source=\"gift_png\" x=\"444\" y=\"454\" visible=\"false\"/>\n\t<e:Image id=\"tipsImage\" source=\"screentips_png\" x=\"184\" y=\"822\"/>\n</e:Skin>"
    },
    {
      "path": "resource/skins/component/GiftLayerSkin.exml",
      "content": "<?xml version='1.0' encoding='utf-8'?>\n<e:Skin class=\"GiftLayerSkin\" width=\"640\" height=\"1024\" xmlns:e=\"http://ns.egret.com/eui\" xmlns:w=\"http://ns.egret.com/wing\">\n\t<e:Rect y=\"0\" fillAlpha=\"0.68\" width=\"640\" height=\"1024\" fillColor=\"0x000000\" x=\"0\"/>\n\t<e:Group y=\"0\" id=\"mainGroup\" width=\"640\" height=\"1024\" x=\"0\">\n\t\t<e:Image source=\"img_bg_png\" y=\"90\" x=\"45\"/>\n\t\t<e:Image source=\"img_bg_png\" y=\"90\" scaleX=\"-1\" x=\"591\"/>\n\t\t<e:Button id=\"enterBtn\" y=\"775\" anchorOffsetX=\"102\" anchorOffsetY=\"33\" x=\"320\">\n\t\t\t<e:skinName>\n\t\t\t\t<e:Skin states=\"up,down,disabled\">\n\t\t\t\t\t<e:Image width=\"100%\" height=\"100%\" source=\"btn_yhzc_png\"/>\n\t\t\t\t\t<e:Label id=\"labelDisplay0\" horizontalCenter=\"0\" verticalCenter=\"0\"/>\n\t\t\t\t</e:Skin>\n\t\t\t</e:skinName>\n\t\t</e:Button>\n\t\t<e:Image y=\"110\" x=\"243\" source=\"text_jpcx_png\"/>\n\t\t<e:Image source=\"img_bg2_png\" y=\"184\" width=\"380\" height=\"202\" scale9Grid=\"34,15,5,8\" x=\"130\"/>\n\t\t<e:Image source=\"img_zs_png\" x=\"507\" y=\"235\"/>\n\t\t<e:Image source=\"img_zs_png\" y=\"336\" x=\"133\" scaleX=\"-1\" scaleY=\"-1\"/>\n\t\t<e:Image source=\"img_zs2_png\" x=\"486\" y=\"187\"/>\n\t\t<e:Image source=\"img_zs2_png\" y=\"384\" x=\"153\" scaleX=\"-1\" scaleY=\"-1\"/>\n\t\t<e:Image source=\"img_tx_png\" x=\"133\" y=\"184\"/>\n\t\t<e:Image id=\"touxiangImg\" height=\"120\" width=\"120\" x=\"160\" y=\"206\"/>\n\t\t<e:Image source=\"text_input_png\" x=\"307\" y=\"195\"/>\n\t\t<e:Label id=\"nameLabel\" x=\"358\" y=\"193\" size=\"22\" fontFamily=\"微软雅黑\" width=\"130\" height=\"22\"/>\n\t\t<e:BitmapLabel id=\"scoreLabel\" x=\"360\" y=\"237\" font=\"font_red_fnt\" width=\"128\" text=\"0\"/>\n\t\t<e:BitmapLabel id=\"zhuliLabel\" y=\"277\" font=\"font_red_fnt\" x=\"360\" width=\"128\" text=\"0\"/>\n\t\t<e:BitmapLabel id=\"rankLabel\" y=\"315\" x=\"360\" width=\"128\" font=\"font_red_fnt\" text=\"0\"/>\n\t\t<e:Image source=\"img_hjjl_png\" y=\"403\" x=\"109\"/>\n\t\t<e:Label id=\"record1\" x=\"114\" y=\"449\" height=\"22\" size=\"22\" fontFamily=\"微软雅黑\" width=\"410\"/>\n\t\t<e:Label id=\"record2\" y=\"483\" height=\"22\" fontFamily=\"微软雅黑\" x=\"113\" width=\"410\" size=\"22\"/>\n\t\t<e:Label id=\"record3\" y=\"520\" size=\"22\" fontFamily=\"微软雅黑\" width=\"413\" height=\"22\" x=\"114\"/>\n\t\t<e:Label id=\"record4\" y=\"551\" height=\"22\" fontFamily=\"微软雅黑\" x=\"113\" width=\"383\" size=\"22\"/>\n\t\t<e:Image source=\"text_cxwz_png\" y=\"584\" x=\"103\"/>\n\t\t<e:Image source=\"text_cxzy_png\" y=\"709\" x=\"182\"/>\n\t\t<e:Button id=\"closeBtn\" y=\"156\" anchorOffsetX=\"102\" anchorOffsetY=\"33\" x=\"530\">\n\t\t\t<e:skinName>\n\t\t\t\t<e:Skin states=\"up,down,disabled\">\n\t\t\t\t\t<e:Image width=\"100%\" height=\"100%\" source=\"btn_close1_png\" source.down=\"btn_close2_png\"/>\n\t\t\t\t\t<e:Label id=\"labelDisplay1\" horizontalCenter=\"0\" verticalCenter=\"0\"/>\n\t\t\t\t</e:Skin>\n\t\t\t</e:skinName>\n\t\t</e:Button>\n\t</e:Group>\n</e:Skin>"
    },
    {
      "path": "resource/skins/widget/WidgetMusicButtonSkin.exml",
      "content": "<?xml version='1.0' encoding='utf-8'?>\n<e:Skin class=\"buttons.MusicButtonSkin\"\n        states=\"up,down,disabled,upAndSelected,downAndSelected,disabledAndSelected\"\n        xmlns:e=\"http://ns.egret.com/eui\" width.up=\"290\" height.up=\"287\">\n\t<e:Image x=\"0\" y=\"0\" source=\"music2_png\" source.up=\"music2_png\" source.down=\"music2_png\" source.disabled=\"music2_png\" source.upAndSelected=\"music1_png\" source.downAndSelected=\"music1_png\" source.disabledAndSelected=\"music1_png\"/>\n\t<e:Image includeIn=\"up\" x=\"0\" y=\"0\" source=\"music2_png\"/>\n</e:Skin>"
    },
    {
      "path": "resource/skins/component/MainSceneSkin.exml",
      "content": "<?xml version='1.0' encoding='utf-8'?>\n<e:Skin class=\"MainSceneSkin\" width=\"640\" height=\"1024\" xmlns:e=\"http://ns.egret.com/eui\" xmlns:w=\"http://ns.egret.com/wing\">\n\t<e:Image source=\"mainbg_jpg\" x=\"0\" y=\"0\"/>\n\t<e:Image id=\"startBtn\" y=\"688\" x=\"340\" source=\"uires_2_png\" anchorOffsetX=\"233\" anchorOffsetY=\"233\"/>\n\t<e:ToggleButton id=\"musicBtn\" label=\"切换按钮\" skinName=\"buttons.MusicButtonSkin\" top=\"-61\" x=\"427\"/>\n\t<e:Image source=\"img_logl_png\" bottom=\"78\" x=\"254\"/>\n\t<e:Button id=\"rankBtn\" anchorOffsetX=\"154\" anchorOffsetY=\"152\" height=\"304\" x=\"79\" bottom=\"-152\">\n\t\t<e:skinName>\n\t\t\t<e:Skin states=\"up,down,disabled\">\n\t\t\t\t<e:Image width=\"100%\" height=\"100%\" source=\"btn_phb_png\"/>\n\t\t\t\t<e:Label id=\"labelDisplay\" horizontalCenter=\"0\" verticalCenter=\"0\"/>\n\t\t\t</e:Skin>\n\t\t</e:skinName>\n\t</e:Button>\n\t<e:Button id=\"descBtn\" anchorOffsetX=\"154\" anchorOffsetY=\"152\" x=\"576\" bottom=\"-152\">\n\t\t<e:skinName>\n\t\t\t<e:Skin states=\"up,down,disabled\">\n\t\t\t\t<e:Image width=\"100%\" height=\"100%\" source=\"btn_desc_png\"/>\n\t\t\t\t<e:Label id=\"labelDisplay\" horizontalCenter=\"0\" verticalCenter=\"0\"/>\n\t\t\t</e:Skin>\n\t\t</e:skinName>\n\t</e:Button>\n\t<e:Image source=\"img_main_png\" x=\"200\" bottom=\"46\"/>\n</e:Skin>"
    },
    {
      "path": "resource/skins/component/PlayerInfoSceneSkin.exml",
      "content": "<?xml version='1.0' encoding='utf-8'?>\n<e:Skin class=\"PlayerInfoSceneSkin\" width=\"640\" height=\"1024\" xmlns:e=\"http://ns.egret.com/eui\" xmlns:w=\"http://ns.egret.com/wing\">\n\t<e:Rect y=\"0\" height=\"1024\" fillColor=\"0x000000\" width=\"640\" fillAlpha=\"0.68\" x=\"0\"/>\n\t<e:Group id=\"mainGroup\" height=\"1024\" width=\"640\" x=\"0\" y=\"0\">\n\t\t<e:Image source=\"img_bg_png\" y=\"90\" x=\"45\"/>\n\t\t<e:Image source=\"img_bg_png\" x=\"591\" scaleX=\"-1\" y=\"90\"/>\n\t\t<e:Image source=\"text_input1_png\" y=\"282\" x=\"110\"/>\n\t\t<e:Image source=\"text_input1_png\" y=\"433\" x=\"110\"/>\n\t\t<e:Image source=\"img_name_png\" x=\"111\" y=\"257\"/>\n\t\t<e:Image source=\"img_phone_png\" x=\"111\" y=\"410\"/>\n\t\t<e:Label text=\"姓名:\" x=\"136\" y=\"310\" fontFamily=\"微软雅黑\" size=\"24\"/>\n\t\t<e:Label y=\"465\" text=\"电话:\" fontFamily=\"微软雅黑\" x=\"136\" size=\"24\"/>\n\t\t<e:Image source=\"text_cxzy_png\" y=\"638\" x=\"182\"/>\n\t\t<e:Image source=\"text_zcwz_png\" y=\"564\" x=\"104\"/>\n\t\t<e:Button id=\"enterBtn\" y=\"727\" x=\"320\" anchorOffsetX=\"102\" anchorOffsetY=\"33\">\n\t\t\t<e:skinName>\n\t\t\t\t<e:Skin states=\"up,down,disabled\">\n\t\t\t\t\t<e:Image width=\"100%\" height=\"100%\" source=\"btn_enter_png\"/>\n\t\t\t\t\t<e:Label id=\"labelDisplay\" horizontalCenter=\"0\" verticalCenter=\"0\"/>\n\t\t\t\t</e:Skin>\n\t\t\t</e:skinName>\n\t\t</e:Button>\n\t\t<e:EditableText y=\"310\" height=\"24\" id=\"nameInputText\" width=\"284\" size=\"24\" x=\"220\" textColor=\"0xFFFFFF\" textAlign=\"left\"/>\n\t\t<e:EditableText y=\"465\" height=\"24\" id=\"phoneInputText\" width=\"284\" size=\"24\" x=\"220\" textColor=\"0xFFFFFF\"/>\n\t\t<e:Image source=\"text_hyzc_png\" x=\"243\" y=\"110\"/>\n\t\t<e:Button y=\"164\" id=\"closeBtn\" anchorOffsetX=\"102\" anchorOffsetY=\"33\" x=\"528\">\n\t\t\t<e:skinName>\n\t\t\t\t<e:Skin states=\"up,down,disabled\">\n\t\t\t\t\t<e:Image width=\"100%\" height=\"100%\" source=\"btn_close1_png\" source.down=\"btn_close2_png\"/>\n\t\t\t\t\t<e:Label id=\"labelDisplay0\" horizontalCenter=\"0\" verticalCenter=\"0\"/>\n\t\t\t\t</e:Skin>\n\t\t\t</e:skinName>\n\t\t</e:Button>\n\t</e:Group>\n</e:Skin>"
    },
    {
      "path": "resource/skins/widget/WidgetRankBtn3Skin.exml",
      "content": "<?xml version='1.0' encoding='utf-8'?>\n<e:Skin class=\"buttons.WidgetRankBtn3Skin\"\n        states=\"up,down,disabled,upAndSelected,downAndSelected,disabledAndSelected\"\n        xmlns:e=\"http://ns.egret.com/eui\" width.up=\"174\" height.up=\"52\">\n\t<e:Image x=\"0\" y=\"0\" source=\"btn_zlmd1_png\" source.up=\"btn_zlmd1_png\" source.down=\"btn_zlmd1_png\" source.disabled=\"btn_zlmd1_png\" source.upAndSelected=\"btn_zlmd2_png\" source.downAndSelected=\"btn_zlmd2_png\" source.disabledAndSelected=\"btn_zlmd2_png\"/>\n\t<e:Image includeIn=\"up\" x=\"0\" y=\"0\" source=\"btn_zlmd1_png\"/>\n</e:Skin>"
    },
    {
      "path": "resource/skins/widget/WidgetRankBtn2Skin.exml",
      "content": "<?xml version='1.0' encoding='utf-8'?>\n<e:Skin class=\"buttons.WidgetRankBtn2Skin\"\n        states=\"up,down,disabled,upAndSelected,downAndSelected,disabledAndSelected\"\n        xmlns:e=\"http://ns.egret.com/eui\" width.up=\"174\" height.up=\"52\">\n\t<e:Image x=\"0\" y=\"0\" source=\"btn_zpm1_png\" source.up=\"btn_zpm1_png\" source.down=\"btn_zpm1_png\" source.disabled=\"btn_zpm1_png\" source.upAndSelected=\"btn_zpm2_png\" source.downAndSelected=\"btn_zpm2_png\" source.disabledAndSelected=\"btn_zpm2_png\"/>\n\t<e:Image includeIn=\"up\" x=\"0\" y=\"0\" source=\"btn_zpm1_png\"/>\n</e:Skin>"
    },
    {
      "path": "resource/skins/widget/WidgetRankBtn1Skin.exml",
      "content": "<?xml version='1.0' encoding='utf-8'?>\n<e:Skin class=\"buttons.WidgetRankBtn1Skin\"\n        states=\"up,down,disabled,upAndSelected,downAndSelected,disabledAndSelected\"\n        xmlns:e=\"http://ns.egret.com/eui\" width.up=\"174\" height.up=\"52\">\n\t<e:Image x=\"0\" y=\"0\" source=\"btn_mrph1_png\" source.up=\"btn_mrph1_png\" source.down=\"btn_mrph1_png\" source.disabled=\"btn_mrph1_png\" source.upAndSelected=\"btn_mrph2_png\" source.downAndSelected=\"btn_mrph2_png\" source.disabledAndSelected=\"btn_mrph2_png\"/>\n\t<e:Image includeIn=\"up\" x=\"0\" y=\"0\" source=\"btn_mrph1_png\"/>\n</e:Skin>"
    },
    {
      "path": "resource/skins/widget/WidgetRankListItemSkin.exml",
      "content": "<?xml version='1.0' encoding='utf-8'?>\n<e:Skin class=\"WidgetRankListItemSkin\" width=\"462\" height=\"52\" xmlns:e=\"http://ns.egret.com/eui\" xmlns:w=\"http://ns.egret.com/wing\">\n\t<e:Image y=\"0\" id=\"rankItemBg\" scale9Grid=\"28,18,6,7\" width=\"462\" height=\"52\" x=\"0\" source=\"img_rank_png\"/>\n\t<e:Group id=\"ptGroup\" height=\"52\" width=\"462\" x=\"0\" y=\"0\" visible=\"false\">\n\t\t<e:Image source=\"rank1_png\" y=\"-4\" x=\"28\" id=\"rankImage\"/>\n\t\t<e:Label id=\"nameLabel\" y=\"16\" textColor=\"0xFFFFFF\" size=\"22\" text=\"一二三四五..\" fontFamily=\"微软雅黑\" textAlign=\"center\" width=\"120\" height=\"22\" x=\"117\"/>\n\t\t<e:Label x=\"257\" y=\"16\" textColor=\"0xFFFFFF\" verticalAlign=\"middle\" text=\"00000\" fontFamily=\"微软雅黑\" textAlign=\"center\" width=\"65\" size=\"22\" height=\"22\" id=\"scoreLabel\"/>\n\t\t<e:Label id=\"helpLabel\" y=\"16\" textColor=\"0xFFFFFF\" verticalAlign=\"middle\" text=\"000000\" fontFamily=\"微软雅黑\" textAlign=\"center\" width=\"74\" height=\"23\" size=\"22\" x=\"355\"/>\n\t\t<e:BitmapLabel x=\"36\" y=\"16\" id=\"rankLabel\" textAlign=\"center\" font=\"font_rank_fnt\" text=\"10\" letterSpacing=\"-10\"/>\n\t</e:Group>\n\t<e:Group id=\"zhuliGroup\" y=\"0\" x=\"0\" width=\"462\" height=\"52\" visible=\"false\">\n\t\t<e:Label id=\"zhuliNameLabel\" y=\"17\" textColor=\"0xFFFFFF\" size=\"22\" text=\"一二三四五..\" fontFamily=\"微软雅黑\" textAlign=\"center\" width=\"120\" height=\"22\" x=\"25\"/>\n\t\t<e:Label id=\"zhuliScoreLabel\" x=\"205\" y=\"17\" textColor=\"0xFFFFFF\" size=\"22\" text=\"00000\" fontFamily=\"微软雅黑\" textAlign=\"center\" width=\"65\" verticalAlign=\"middle\" height=\"22\"/>\n\t\t<e:BitmapLabel id=\"zhuliCountLabel\" x=\"346\" y=\"14\" font=\"font_red_fnt\" text=\"33333\" textAlign=\"center\" letterSpacing=\"-5\" width=\"90\"/>\n\t</e:Group>\n</e:Skin>"
    },
    {
      "path": "resource/skins/component/RankListSkin.exml",
      "content": "<?xml version='1.0' encoding='utf-8'?>\n<e:Skin class=\"RankListSkin\" width=\"640\" height=\"1024\" xmlns:e=\"http://ns.egret.com/eui\" xmlns:w=\"http://ns.egret.com/wing\" xmlns:game=\"game.*\">\n\t<e:Rect y=\"0\" fillAlpha=\"0.68\" width=\"640\" height=\"1024\" x=\"0\" fillColor=\"0x000000\"/>\n\t<e:Group y=\"0\" id=\"mainGroup\" width=\"640\" height=\"1024\" x=\"0\">\n\t\t<e:Image source=\"img_rankbg_png\" y=\"29\" x=\"8\"/>\n\t\t<e:Group id=\"dateGroup\" height=\"1024\" width=\"640\" x=\"0\" y=\"0\">\n\t\t\t<e:Image source=\"img_mc_png\" x=\"115\" y=\"210\"/>\n\t\t\t<e:Image source=\"img_rankfgx_png\" x=\"213\" y=\"202\"/>\n\t\t\t<e:Image source=\"img_rankfgx_png\" y=\"202\" x=\"432\"/>\n\t\t\t<e:Image source=\"img_rankfgx_png\" y=\"202\" x=\"330\"/>\n\t\t\t<e:Image source=\"img_jf_png\" x=\"347\" y=\"210\"/>\n\t\t\t<e:Image source=\"img_zl_png\" x=\"443\" y=\"210\"/>\n\t\t\t<e:Image source=\"img_nc_png\" x=\"236\" y=\"210\"/>\n\t\t</e:Group>\n\t\t<e:Group id=\"zpmGroup\" y=\"0\" width=\"640\" height=\"1024\" x=\"0\" visible=\"false\">\n\t\t\t<e:Image source=\"img_mc_png\" y=\"210\" x=\"115\"/>\n\t\t\t<e:Image source=\"img_rankfgx_png\" y=\"202\" x=\"213\"/>\n\t\t\t<e:Image source=\"img_rankfgx_png\" y=\"202\" x=\"432\"/>\n\t\t\t<e:Image source=\"img_rankfgx_png\" y=\"202\" x=\"330\"/>\n\t\t\t<e:Image source=\"img_jf_png\" y=\"210\" x=\"347\"/>\n\t\t\t<e:Image source=\"img_zl_png\" y=\"210\" x=\"443\"/>\n\t\t\t<e:Image source=\"img_nc_png\" y=\"210\" x=\"236\"/>\n\t\t</e:Group>\n\t\t<e:Group id=\"zhuliGroup\" y=\"0\" width=\"640\" height=\"1024\" x=\"0\" visible=\"false\">\n\t\t\t<e:Image y=\"214\" x=\"398\" source=\"img_zlcs_png\"/>\n\t\t\t<e:Image source=\"img_rankfgx_png\" y=\"203\" x=\"389\"/>\n\t\t\t<e:Image source=\"img_rankfgx_png\" y=\"203\" x=\"240\"/>\n\t\t\t<e:Image y=\"214\" x=\"99\" source=\"img_zlnc_png\"/>\n\t\t\t<e:Image y=\"214\" x=\"247\" source=\"img_zljf_png\"/>\n\t\t</e:Group>\n\t\t<e:Button id=\"enterBtn\" y=\"870\" anchorOffsetX=\"120\" anchorOffsetY=\"41\" x=\"325\">\n\t\t\t<e:skinName>\n\t\t\t\t<e:Skin states=\"up,down,disabled\">\n\t\t\t\t\t<e:Image width=\"100%\" height=\"100%\" source=\"btn_rankqd_png\"/>\n\t\t\t\t\t<e:Label id=\"labelDisplay\" horizontalCenter=\"0\" verticalCenter=\"0\"/>\n\t\t\t\t</e:Skin>\n\t\t\t</e:skinName>\n\t\t</e:Button>\n\t\t<e:ToggleButton id=\"zhuliBtn\" y=\"129\" x=\"372\" skinName=\"buttons.WidgetRankBtn3Skin\"/>\n\t\t<e:ToggleButton id=\"zpmBtn\" y=\"129\" x=\"221\" skinName=\"buttons.WidgetRankBtn2Skin\"/>\n\t\t<e:ToggleButton id=\"mrBtn\" x=\"80\" y=\"129\" skinName=\"buttons.WidgetRankBtn1Skin\"/>\n\t\t<game:WidgetRankItem id=\"myDateItem\" x=\"92\" y=\"756\" skinName=\"WidgetRankListItemSkin\"/>\n\t\t<e:Scroller y=\"274\" scrollPolicyH=\"off\" x=\"93\" width=\"462\" scrollPolicyV=\"auto\" height=\"475\" id=\"scroller\" skinName=\"skins.ScrollerSkin\">\n\t\t\t<e:List id=\"listView\" itemRendererSkinName=\"WidgetRankListItemSkin\">\n\t\t\t\t<e:layout>\n\t\t\t\t\t<e:VerticalLayout/>\n\t\t\t\t</e:layout>\n\t\t\t\t<e:ArrayCollection>\n\t\t\t\t\t<e:Array>\n\t\t\t\t\t\t<e:Object/>\n\t\t\t\t\t</e:Array>\n\t\t\t\t</e:ArrayCollection>\n\t\t\t</e:List>\n\t\t</e:Scroller>\n\t</e:Group>\n</e:Skin>"
    },
    {
      "path": "resource/skins/component/ShareSceneSkin.exml",
      "content": "<?xml version='1.0' encoding='utf-8'?>\n<e:Skin class=\"ShareSceneSkin\" width=\"640\" height=\"1024\" xmlns:e=\"http://ns.egret.com/eui\" xmlns:w=\"http://ns.egret.com/wing\">\n\t<e:Rect y=\"0\" strokeAlpha=\"0.75\" enabled=\"false\" x=\"0\" fillAlpha=\"0.75\" width=\"640\" height=\"1024\" strokeColor=\"0x000000\" id=\"backgroundTips\"/>\n\t<e:Image source=\"img_jiantou_png\" x=\"525\" y=\"2\"/>\n\t<e:Image source=\"img_share_png\" x=\"278\" y=\"100\"/>\n\t<e:Image source=\"img_logl_png\" x=\"254\" bottom=\"17\"/>\n</e:Skin>"
    },
    {
      "path": "resource/skins/component/TipsSkin.exml",
      "content": "<?xml version='1.0' encoding='utf-8'?>\n<e:Skin class=\"TipsSkin\" width=\"640\" height=\"1024\" xmlns:e=\"http://ns.egret.com/eui\" xmlns:w=\"http://ns.egret.com/wing\" xmlns:ns1=\"*\" xmlns:game=\"game.*\">\n\t<e:Rect id=\"backgroundTips\" height=\"1024\" width=\"640\" x=\"0\" y=\"0\" enabled=\"false\" fillAlpha=\"0.75\" strokeColor=\"0x000000\" strokeAlpha=\"0.75\"/>\n\t<e:Label id=\"tipsContent\" x=\"134\" y=\"381\" width=\"386\" height=\"144\" textAlign=\"center\" verticalAlign=\"middle\"/>\n</e:Skin>"
    },
    {
      "path": "resource/skins/MainLoadingSkin.exml",
      "content": "<?xml version='1.0' encoding='utf-8'?>\n<e:Skin class=\"MainLoadingSkin\" width=\"640\" height=\"1024\" xmlns:e=\"http://ns.egret.com/eui\" xmlns:w=\"http://ns.egret.com/wing\">\n\t<e:Image height=\"1124\" left=\"-50\" top=\"-50\" right=\"-50\" source=\"prebg_jpg\"/>\n\t<e:Group y=\"487\" id=\"sCir1\" width=\"33\" height=\"35\" x=\"341\">\n\t</e:Group>\n\t<e:Group y=\"556\" id=\"sCir2\" width=\"45\" height=\"45\" x=\"341\">\n\t</e:Group>\n\t<e:Rect fillColor=\"0xFFFFFF\" y=\"571\" width=\"400\" height=\"2\" id=\"pBg\" x=\"120\"/>\n\t<e:Rect fillColor=\"0x49DC0F\" y=\"571\" width=\"400\" height=\"2\" id=\"pFront\" x=\"120\"/>\n\t<e:Label id=\"gameNameLabel\" y=\"585\" x=\"0\" verticalAlign=\"middle\" textAlign=\"center\" width=\"640\" text=\"33\"/>\n\t<e:Label id=\"pTF\" y=\"620\" text=\"33\" textAlign=\"center\" width=\"640\" verticalAlign=\"middle\" x=\"0\"/>\n\t<e:Group y=\"570\" width=\"0\" height=\"0\" id=\"logo\" horizontalCenter=\"0\">\n\t\t<e:Image y=\"-131\" x=\"-191\" source=\"componey11_png\"/>\n\t</e:Group>\n</e:Skin>"
    },
    {
      "path": "resource/skins/widget/WidgetStageSkin.exml",
      "content": "<?xml version='1.0' encoding='utf-8'?>\n<e:Skin class=\"WidgetStageSkin\" width=\"148\" height=\"318\" xmlns:e=\"http://ns.egret.com/eui\" xmlns:w=\"http://ns.egret.com/wing\">\n\t<e:Group id=\"stageGroup\" height=\"366\" width=\"198\" x=\"0\" y=\"0\">\n\t\t<e:Image id=\"fgImage\" x=\"-14\" y=\"-32\" fillMode=\"clip\" source=\"dtbg_png\"/>\n\t\t<e:Image x=\"0\" y=\"14\" source=\"stateimg_png\"/>\n\t\t<e:Image id=\"stageImage\" source=\"stage_png\" x=\"74\" width=\"148\" anchorOffsetX=\"74\" anchorOffsetY=\"7\" y=\"7\"/>\n\t</e:Group>\n</e:Skin>"
    }
  ],
  "skins": {
    "eui.Button": "resource/eui_skins/ButtonSkin.exml",
    "eui.CheckBox": "resource/eui_skins/CheckBoxSkin.exml",
    "eui.HScrollBar": "resource/eui_skins/HScrollBarSkin.exml",
    "eui.HSlider": "resource/eui_skins/HSliderSkin.exml",
    "eui.ItemRenderer": "resource/eui_skins/ItemRendererSkin.exml",
    "eui.Panel": "resource/eui_skins/PanelSkin.exml",
    "eui.ProgressBar": "resource/eui_skins/ProgressBarSkin.exml",
    "eui.RadioButton": "resource/eui_skins/RadioButtonSkin.exml",
    "eui.Scroller": "resource/eui_skins/ScrollerSkin.exml",
    "eui.TextInput": "resource/eui_skins/TextInputSkin.exml",
    "eui.ToggleSwitch": "resource/eui_skins/ToggleSwitchSkin.exml",
    "eui.VScrollBar": "resource/eui_skins/VScrollBarSkin.exml",
    "eui.VSlider": "resource/eui_skins/VSliderSkin.exml"
  }
}