{
	"groups":[
	{
		"keys":"preres_json",
		"name":"preload"
	},
	{
		"keys":"music1_png,music2_png,stage_png,stateimg_png,stick_png,uires_2_png,bg_jpg,dtbg_png,gift_png,hero02_png,hero2_json,hero2_png,img_fd_png,font_fnt,over_mp3,sound1_mp3,background_mp3,move_mp3,text_hyzl_png,text_input_png,text_input1_png,text_jpcx_png,text_jswz_png,text_yxjs_png,text_zcwz_png,text_zlcg_png,bg_zhuli_png,btn_enter_png,btn_gtzl_png,btn_gzwm_png,btn_msqw_png,btn_wyyy_png,btn_yhzc_png,btn_yqhy_png,btn_zctz_png,img_bg_png,img_bg2_png,img_hjjl_png,img_hyzl_png,img_name_png,img_phone_png,img_tx_png,img_zs_png,img_zs2_png,imgz_address_png,text_cxwz_png,text_cxzy_png,font_green_fnt,font_red_fnt,text_hyzc_png,img_jiantou_png,img_share_png,btn_mrph1_png,btn_mrph2_png,btn_rankqd_png,btn_zlmd1_png,btn_zlmd2_png,btn_zpm1_png,btn_zpm2_png,img_hgb_png,img_jf_png,img_mc_png,img_nc_png,img_rank_png,img_rankbg_png,img_rankfgx_png,img_rankmine_png,img_zl_png,img_zlcs_png,img_zljf_png,img_zlnc_png,rank1_png,rank2_png,rank3_png,rank4_png,btn_desc_png,btn_phb_png,img_logl_png,mainbg_jpg,font_rank_fnt,imgdescbg2_png,text_desc_png,text_zlcg2_png,btn_fxhy_png,btn_close2_png,btn_close1_png,btn_fhsy_png,screenani_json,screenani_png,screentips_png,img_main_png,img_xngf_png,nei_logo_png",
		"name":"main"
	}],
	"resources":[
	{
		"name":"music1_png",
		"type":"image",
		"url":"gameAssets/main/music1.png"
	},
	{
		"name":"music2_png",
		"type":"image",
		"url":"gameAssets/main/music2.png"
	},
	{
		"name":"stage_png",
		"type":"image",
		"url":"gameAssets/main/stage.png"
	},
	{
		"name":"stateimg_png",
		"type":"image",
		"url":"gameAssets/main/stateImg.png"
	},
	{
		"name":"stick_png",
		"type":"image",
		"url":"gameAssets/main/stick.png"
	},
	{
		"name":"uires_2_png",
		"type":"image",
		"url":"gameAssets/main/uires_2.png"
	},
	{
		"name":"bg_jpg",
		"type":"image",
		"url":"gameAssets/main/bg.jpg"
	},
	{
		"name":"dtbg_png",
		"type":"image",
		"url":"gameAssets/main/dtbg.png"
	},
	{
		"name":"gift_png",
		"type":"image",
		"url":"gameAssets/main/gift.png"
	},
	{
		"name":"hero02_png",
		"type":"image",
		"url":"gameAssets/main/hero02.png"
	},
	{
		"name":"hero2_json",
		"type":"json",
		"url":"gameAssets/main/hero2.json"
	},
	{
		"name":"hero2_png",
		"type":"image",
		"url":"gameAssets/main/hero2.png"
	},
	{
		"name":"img_fd_png",
		"type":"image",
		"url":"gameAssets/main/img_fd.png"
	},
	{
		"name":"font_fnt",
		"type":"font",
		"url":"gameAssets/main/font.fnt"
	},
	{
		"name":"over_mp3",
		"type":"sound",
		"url":"gameAssets/sound/over.mp3"
	},
	{
		"name":"sound1_mp3",
		"type":"sound",
		"url":"gameAssets/sound/sound1.mp3"
	},
	{
		"name":"background_mp3",
		"type":"sound",
		"url":"gameAssets/sound/background.mp3"
	},
	{
		"name":"move_mp3",
		"type":"sound",
		"url":"gameAssets/sound/move.mp3"
	},
	{
		"name":"text_hyzl_png",
		"type":"image",
		"url":"gameAssets/main/ui/text_hyzl.png"
	},
	{
		"name":"text_input_png",
		"type":"image",
		"url":"gameAssets/main/ui/text_input.png"
	},
	{
		"name":"text_input1_png",
		"type":"image",
		"url":"gameAssets/main/ui/text_input1.png"
	},
	{
		"name":"text_jpcx_png",
		"type":"image",
		"url":"gameAssets/main/ui/text_jpcx.png"
	},
	{
		"name":"text_jswz_png",
		"type":"image",
		"url":"gameAssets/main/ui/text_jswz.png"
	},
	{
		"name":"text_yxjs_png",
		"type":"image",
		"url":"gameAssets/main/ui/text_yxjs.png"
	},
	{
		"name":"text_zcwz_png",
		"type":"image",
		"url":"gameAssets/main/ui/text_zcwz.png"
	},
	{
		"name":"text_zlcg_png",
		"type":"image",
		"url":"gameAssets/main/ui/text_zlcg.png"
	},
	{
		"name":"bg_zhuli_png",
		"type":"image",
		"url":"gameAssets/main/ui/bg_zhuli.png"
	},
	{
		"name":"btn_enter_png",
		"type":"image",
		"url":"gameAssets/main/ui/btn_enter.png"
	},
	{
		"name":"btn_gtzl_png",
		"type":"image",
		"url":"gameAssets/main/ui/btn_gtzl.png"
	},
	{
		"name":"btn_gzwm_png",
		"type":"image",
		"url":"gameAssets/main/ui/btn_gzwm.png"
	},
	{
		"name":"btn_msqw_png",
		"type":"image",
		"url":"gameAssets/main/ui/btn_msqw.png"
	},
	{
		"name":"btn_wyyy_png",
		"type":"image",
		"url":"gameAssets/main/ui/btn_wyyy.png"
	},
	{
		"name":"btn_yhzc_png",
		"type":"image",
		"url":"gameAssets/main/ui/btn_yhzc.png"
	},
	{
		"name":"btn_yqhy_png",
		"type":"image",
		"url":"gameAssets/main/ui/btn_yqhy.png"
	},
	{
		"name":"btn_zctz_png",
		"type":"image",
		"url":"gameAssets/main/ui/btn_zctz.png"
	},
	{
		"name":"img_bg_png",
		"type":"image",
		"url":"gameAssets/main/ui/img_bg.png"
	},
	{
		"name":"img_bg2_png",
		"type":"image",
		"url":"gameAssets/main/ui/img_bg2.png"
	},
	{
		"name":"img_hjjl_png",
		"type":"image",
		"url":"gameAssets/main/ui/img_hjjl.png"
	},
	{
		"name":"img_hyzl_png",
		"type":"image",
		"url":"gameAssets/main/ui/img_hyzl.png"
	},
	{
		"name":"img_name_png",
		"type":"image",
		"url":"gameAssets/main/ui/img_name.png"
	},
	{
		"name":"img_phone_png",
		"type":"image",
		"url":"gameAssets/main/ui/img_phone.png"
	},
	{
		"name":"img_tx_png",
		"type":"image",
		"url":"gameAssets/main/ui/img_tx.png"
	},
	{
		"name":"img_zs_png",
		"type":"image",
		"url":"gameAssets/main/ui/img_zs.png"
	},
	{
		"name":"img_zs2_png",
		"type":"image",
		"url":"gameAssets/main/ui/img_zs2.png"
	},
	{
		"name":"imgz_address_png",
		"type":"image",
		"url":"gameAssets/main/ui/imgz_address.png"
	},
	{
		"name":"text_cxwz_png",
		"type":"image",
		"url":"gameAssets/main/ui/text_cxwz.png"
	},
	{
		"name":"text_cxzy_png",
		"type":"image",
		"url":"gameAssets/main/ui/text_cxzy.png"
	},
	{
		"name":"font_green_fnt",
		"type":"font",
		"url":"gameAssets/main/font_green.fnt"
	},
	{
		"name":"font_red_fnt",
		"type":"font",
		"url":"gameAssets/main/font_red.fnt"
	},
	{
		"name":"text_hyzc_png",
		"type":"image",
		"url":"gameAssets/main/ui/text_hyzc.png"
	},
	{
		"name":"img_jiantou_png",
		"type":"image",
		"url":"gameAssets/main/share/img_jiantou.png"
	},
	{
		"name":"img_share_png",
		"type":"image",
		"url":"gameAssets/main/share/img_share.png"
	},
	{
		"name":"btn_mrph1_png",
		"type":"image",
		"url":"gameAssets/main/rank/btn_mrph1.png"
	},
	{
		"name":"btn_mrph2_png",
		"type":"image",
		"url":"gameAssets/main/rank/btn_mrph2.png"
	},
	{
		"name":"btn_rankqd_png",
		"type":"image",
		"url":"gameAssets/main/rank/btn_rankqd.png"
	},
	{
		"name":"btn_zlmd1_png",
		"type":"image",
		"url":"gameAssets/main/rank/btn_zlmd1.png"
	},
	{
		"name":"btn_zlmd2_png",
		"type":"image",
		"url":"gameAssets/main/rank/btn_zlmd2.png"
	},
	{
		"name":"btn_zpm1_png",
		"type":"image",
		"url":"gameAssets/main/rank/btn_zpm1.png"
	},
	{
		"name":"btn_zpm2_png",
		"type":"image",
		"url":"gameAssets/main/rank/btn_zpm2.png"
	},
	{
		"name":"img_hgb_png",
		"type":"image",
		"url":"gameAssets/main/rank/img_hgb.png"
	},
	{
		"name":"img_jf_png",
		"type":"image",
		"url":"gameAssets/main/rank/img_jf.png"
	},
	{
		"name":"img_mc_png",
		"type":"image",
		"url":"gameAssets/main/rank/img_mc.png"
	},
	{
		"name":"img_nc_png",
		"type":"image",
		"url":"gameAssets/main/rank/img_nc.png"
	},
	{
		"name":"img_rank_png",
		"type":"image",
		"url":"gameAssets/main/rank/img_rank.png"
	},
	{
		"name":"img_rankbg_png",
		"type":"image",
		"url":"gameAssets/main/rank/img_rankBg.png"
	},
	{
		"name":"img_rankfgx_png",
		"type":"image",
		"url":"gameAssets/main/rank/img_rankfgx.png"
	},
	{
		"name":"img_rankmine_png",
		"type":"image",
		"url":"gameAssets/main/rank/img_rankmine.png"
	},
	{
		"name":"img_zl_png",
		"type":"image",
		"url":"gameAssets/main/rank/img_zl.png"
	},
	{
		"name":"img_zlcs_png",
		"type":"image",
		"url":"gameAssets/main/rank/img_zlcs.png"
	},
	{
		"name":"img_zljf_png",
		"type":"image",
		"url":"gameAssets/main/rank/img_zljf.png"
	},
	{
		"name":"img_zlnc_png",
		"type":"image",
		"url":"gameAssets/main/rank/img_zlnc.png"
	},
	{
		"name":"rank1_png",
		"type":"image",
		"url":"gameAssets/main/rank/rank1.png"
	},
	{
		"name":"rank2_png",
		"type":"image",
		"url":"gameAssets/main/rank/rank2.png"
	},
	{
		"name":"rank3_png",
		"type":"image",
		"url":"gameAssets/main/rank/rank3.png"
	},
	{
		"name":"rank4_png",
		"type":"image",
		"url":"gameAssets/main/rank/rank4.png"
	},
	{
		"name":"btn_desc_png",
		"type":"image",
		"url":"gameAssets/main/btn_desc.png"
	},
	{
		"name":"btn_phb_png",
		"type":"image",
		"url":"gameAssets/main/btn_phb.png"
	},
	{
		"name":"img_logl_png",
		"type":"image",
		"url":"gameAssets/main/img_logl.png"
	},
	{
		"name":"mainbg_jpg",
		"type":"image",
		"url":"gameAssets/main/mainBG.jpg"
	},
	{
		"name":"font_rank_fnt",
		"type":"font",
		"url":"gameAssets/main/font_rank.fnt"
	},
	{
		"name":"imgdescbg2_png",
		"type":"image",
		"url":"gameAssets/main/desc/imgdescbg2.png"
	},
	{
		"name":"text_desc_png",
		"type":"image",
		"url":"gameAssets/main/desc/text_desc.png"
	},
	{
		"name":"text_zlcg2_png",
		"type":"image",
		"url":"gameAssets/main/ui/text_zlcg2.png"
	},
	{
		"name":"btn_fxhy_png",
		"type":"image",
		"url":"gameAssets/main/ui/btn_fxhy.png"
	},
	{
		"name":"btn_close2_png",
		"type":"image",
		"url":"gameAssets/main/ui/btn_close2.png"
	},
	{
		"name":"btn_close1_png",
		"type":"image",
		"url":"gameAssets/main/ui/btn_close1.png"
	},
	{
		"name":"preres_json",
		"subkeys":"componey11_png,prebg_jpg",
		"type":"sheet",
		"url":"gameAssets/preloading/preres.json"
	},
	{
		"name":"btn_fhsy_png",
		"type":"image",
		"url":"gameAssets/main/ui/btn_fhsy.png"
	},
	{
		"name":"screenani_json",
		"type":"json",
		"url":"gameAssets/main/screenAni.json"
	},
	{
		"name":"screenani_png",
		"type":"image",
		"url":"gameAssets/main/screenAni.png"
	},
	{
		"name":"screentips_png",
		"type":"image",
		"url":"gameAssets/main/screenTips.png"
	},
	{
		"name":"img_main_png",
		"type":"image",
		"url":"gameAssets/main/img_main.png"
	},
	{
		"name":"img_xngf_png",
		"type":"image",
		"url":"gameAssets/main/img_xngf.png"
	},
	{
		"name":"nei_logo_png",
		"type":"image",
		"url":"gameAssets/main/nei_logo.png"
	}]
}